<?xml version="1.0"?>
<metadata>
	<idinfo><ptcontac><cntinfo><cntaddr><address>16400 Champion Way</address><addrtype>mailing and physical address</addrtype><city>Sandy</city><state>Oregon</state><postal>97055</postal><country>USA</country></cntaddr><cntorgp><cntorg>USDA Forest Service, Mt. Hood National Forest</cntorg></cntorgp><cnttdd>503-668-1431</cnttdd><cntfax>503-668-1423</cntfax><hours>8:00 a.m. - 4:30 p.m.</hours></cntinfo></ptcontac><descript><langdata Sync="TRUE">en</langdata><abstract>This geospatial dataset is the proclaimed Mt. Hood National Forest boundary.  This boundary encompasses the area of the Columbia River Gorge National Scenic Area (CRGNSA) within the Forest boundary.  </abstract><purpose>The existing Mt. Hood National Forest boundary as delivered from USGS and the Cartographic Feature Files (CFFs).</purpose></descript><accconst>None</accconst><useconst>This is public information and may be interpreted by organizations, agencies, units of government, or others based on needs; however they are responsible for the appropriate application of the data. Digital data files are periodically updated. These digital data files may be corrected, updated, modified, or replaced at any time.
</useconst><citation><citeinfo><origin>USDA Forest Service, Mt. Hood National Forest</origin><pubdate>1988</pubdate><title>Proclaimed Mt. Hood National Forest Boundary</title><ftname Sync="TRUE">proclaimed</ftname><geoform Sync="TRUE">vector digital data</geoform><onlink Sync="TRUE">\\ds.fs.fed.us\EFS\\r06\ro\drm\project\gis\gis_work\jbradbury\gis_web_export\proclaimed.shp</onlink></citeinfo></citation><keywords><place><placekey>Mt. Hood National Forest</placekey><placekey>Oregon</placekey></place><theme><themekey>Mt. Hood National Forest.</themekey><themekey>Proclaimed boundary</themekey></theme></keywords><native Sync="TRUE">Microsoft Windows 2000 Version 5.2 (Build 3790) Service Pack 1; ESRI ArcCatalog 9.2.2.1350</native><timeperd><current>publication date</current><timeinfo><sngdate><caldate>1988`</caldate></sngdate></timeinfo></timeperd><status><progress>Complete</progress><update>None planned</update></status><spdom><bounding><westbc Sync="TRUE">-122.337534</westbc><eastbc Sync="TRUE">-121.283810</eastbc><northbc Sync="TRUE">45.705035</northbc><southbc Sync="TRUE">44.713531</southbc></bounding><lboundng><leftbc Sync="TRUE">418111.926015</leftbc><rightbc Sync="TRUE">498391.103578</rightbc><bottombc Sync="TRUE">1185629.060907</bottombc><topbc Sync="TRUE">1294148.374370</topbc></lboundng></spdom><natvform Sync="TRUE">Shapefile</natvform></idinfo><dataqual><lineage><procstep><proccont><cntinfo><cntaddr><address>16400 Champion Way</address><addrtype>mailing and physical address</addrtype><city>Sandy</city><state>Oregon</state><postal>97055-7248</postal><country>USA</country></cntaddr><cntorgp><cntorg>USDA Forest Service, Mt. Hood National Forest</cntorg><cntper>Jaimie L. Bradbury</cntper></cntorgp><cntpos>GIS Analyst, Region 6 IRM, Customer Service Area 1C</cntpos><cntvoice>503-668-1779</cntvoice><cnttdd>503-668-1431</cnttdd><cntfax>503-668-1423</cntfax><cntemail>jbradbury@fs.fed.us</cntemail><hours>0800-1630</hours></cntinfo></proccont><procdesc>USGS Cartographic Feature Files imported to LTPLus. 
Exported to MOSS</procdesc><procsv>Converted to ArcInfo version unknown</procsv></procstep><srcinfo><srcscale>1:24000</srcscale><typesrc>stable-base material</typesrc></srcinfo><procstep><proccont><cntinfo><cntperp><cntper>Jaimie L. Bradbury</cntper><cntorg>USDA Forest Service, Mt. Hood National Forest</cntorg></cntperp><cntpos>GIS Analyst, R6 IRM, Customer Service Area 1C</cntpos><cntvoice>503-668-1779	</cntvoice><cntemail>jbradbury@fs.fed.us</cntemail></cntinfo></proccont><procdesc>Dropped .pat item "Acres."</procdesc><procsv>ArcInfo 8.3 Unix</procsv><procdate>10/21/04</procdate></procstep><procstep><procdesc Sync="TRUE">Dataset copied.</procdesc><srcused Sync="TRUE">c:\fsfiles\ref\library\gis\mth\mth_proclaim</srcused><date Sync="TRUE">20060327</date><time Sync="TRUE">08162500</time></procstep><procstep><proccont><cntinfo><cntperp><cntper>Jaimie L. Bradbury</cntper><cntorg>USDA Forest Service, Region 6 Data Resources Management</cntorg></cntperp><cntpos>GIS Analyst</cntpos><cntvoice>503-668-1779</cntvoice><cntemail>jbradbury@fs.fed.us</cntemail></cntinfo></proccont><procdesc>Renamed mth_proclaim to proclaimed per File Structure Team naming conventions for move to Portland Data Center.</procdesc><procsv>ArcCatalog 9.0</procsv><procdate>01/12/2007</procdate></procstep><procstep><procdesc Sync="TRUE">Dataset copied.</procdesc><srcused Sync="TRUE"></srcused><date Sync="TRUE">20081006</date><time Sync="TRUE">14153000</time></procstep></lineage></dataqual><distinfo><distrib><cntinfo><cntaddr><address>16400 Champion Way</address><addrtype>mailing and physical address</addrtype><city>Sandy</city><state>Oregon</state><postal>97055</postal><country>USA</country></cntaddr><cntorgp><cntorg>USDA Forest Service, Mt. Hood National Forest</cntorg><cntper>Jaimie L. Bradbury</cntper></cntorgp><cntpos>GIS Analyst, Region 6 IRM, Customer Service Area 1C</cntpos><cntvoice>503-668-1779</cntvoice><cnttdd>503-668-1431</cnttdd><cntfax>503-668-1423</cntfax><cntemail>jbradbury@fs.fed.us</cntemail><hours>8:00 a.m. - 4:30 p.m.</hours></cntinfo></distrib><resdesc>Downloadable Data</resdesc><distliab>Contact Distributor</distliab><stdorder><fees>Contact Distributor</fees><ordering>Contact Distributor</ordering><turnarnd>Contact Distributor</turnarnd><digform><digtinfo><transize Sync="TRUE">0.158</transize><dssize Sync="TRUE">0.158</dssize></digtinfo></digform></stdorder><custom>Contact Distributor</custom></distinfo><metainfo><metc><cntinfo><cntaddr><address>16400 Champion Way</address><addrtype>mailing and physical address</addrtype><city>Sandy</city><state>Oregon</state><postal>97055</postal><country>USA</country></cntaddr><cntorgp><cntorg>USDA Forest Service, Mt. Hood National </cntorg><cntper>Jaimie L. Bradbury</cntper></cntorgp><cntpos>GIS Analyst, Region 6 IRM, Customer Service Area 1C</cntpos><cntvoice>503-668-1779</cntvoice><cnttdd>503-668-1431</cnttdd><cntfax>503-668-1423</cntfax><cntemail>jbradbury@fs.fed.us</cntemail><hours>8:00 a.m - 4:30 p.m.</hours></cntinfo></metc><metstdn Sync="TRUE">FGDC Content Standards for Digital Geospatial Metadata</metstdn><mettc Sync="TRUE">local time</mettc><metd Sync="TRUE">20081006</metd><langmeta Sync="TRUE">en</langmeta><metstdv Sync="TRUE">FGDC-STD-001-1998</metstdv><metextns><onlink Sync="TRUE">http://www.esri.com/metadata/esriprof80.html</onlink><metprof Sync="TRUE">ESRI Metadata Profile</metprof></metextns></metainfo><Esri><ModDate>20081006</ModDate><ModTime>14510700</ModTime><CreaDate>20081006</CreaDate><CreaTime>14153000</CreaTime><SyncOnce>FALSE</SyncOnce><SyncDate>20081006</SyncDate><SyncTime>14510700</SyncTime><MetaID>{1D05D9D7-13A6-40F3-B22B-D42B3E2788BB}</MetaID></Esri><mdDateSt Sync="TRUE">20081006</mdDateSt><spdoinfo><direct Sync="TRUE">Vector</direct><ptvctinf><esriterm Name="proclaimed"><efeatyp Sync="TRUE">Simple</efeatyp><efeageom Sync="TRUE">Polygon</efeageom><esritopo Sync="TRUE">FALSE</esritopo><efeacnt Sync="TRUE">23</efeacnt><spindex Sync="TRUE">TRUE</spindex><linrefer Sync="TRUE">FALSE</linrefer></esriterm><sdtsterm Name="proclaimed"><sdtstype Sync="TRUE">G-polygon</sdtstype><ptvctcnt Sync="TRUE">23</ptvctcnt></sdtsterm><esriterm Name="label"><efeatyp Sync="TRUE">Simple</efeatyp><efeageom Sync="TRUE">Label</efeageom><esritopo Sync="TRUE">FALSE</esritopo><efeacnt Sync="TRUE">26</efeacnt><spindex Sync="TRUE">FALSE</spindex><linrefer Sync="TRUE">FALSE</linrefer></esriterm><sdtsterm Name="label"><sdtstype Sync="TRUE">Label point</sdtstype><ptvctcnt Sync="TRUE">26</ptvctcnt></sdtsterm><esriterm Name="polygon"><efeatyp Sync="TRUE">Simple</efeatyp><efeageom Sync="TRUE">Polygon</efeageom><esritopo Sync="TRUE">TRUE</esritopo><efeacnt Sync="TRUE">23</efeacnt><spindex Sync="TRUE">FALSE</spindex><linrefer Sync="TRUE">FALSE</linrefer></esriterm><sdtsterm Name="polygon"><sdtstype Sync="TRUE">GT-polygon composed of chains</sdtstype><ptvctcnt Sync="TRUE">23</ptvctcnt></sdtsterm><esriterm Name="tic"><efeatyp Sync="TRUE">Simple</efeatyp><efeageom Sync="TRUE">Tic</efeageom><esritopo Sync="TRUE">FALSE</esritopo><efeacnt Sync="TRUE">625</efeacnt><spindex Sync="TRUE">FALSE</spindex><linrefer Sync="TRUE">FALSE</linrefer></esriterm><sdtsterm Name="tic"><sdtstype Sync="TRUE">Point</sdtstype><ptvctcnt Sync="TRUE">625</ptvctcnt></sdtsterm></ptvctinf></spdoinfo><spref><horizsys><cordsysn><geogcsn Sync="TRUE">GCS_North_American_1983</geogcsn><projcsn Sync="TRUE">NAD_1983_Albers</projcsn></cordsysn><planar><planci><plance Sync="TRUE">coordinate pair</plance><plandu Sync="TRUE">meters</plandu><coordrep><absres Sync="TRUE">0.000000</absres><ordres Sync="TRUE">0.000000</ordres></coordrep></planci><mapproj><mapprojn Sync="TRUE">Albers Conical Equal Area</mapprojn><albers><stdparll Sync="TRUE">43.000000</stdparll><stdparll Sync="TRUE">48.000000</stdparll><longcm Sync="TRUE">-120.000000</longcm><latprjo Sync="TRUE">34.000000</latprjo><feast Sync="TRUE">600000.000000</feast><fnorth Sync="TRUE">0.000000</fnorth></albers></mapproj></planar><geodetic><horizdn Sync="TRUE">North American Datum of 1983</horizdn><ellips Sync="TRUE">Geodetic Reference System 80</ellips><semiaxis Sync="TRUE">6378137.000000</semiaxis><denflat Sync="TRUE">298.257222</denflat></geodetic></horizsys></spref><eainfo><detailed Name="proclaimed"><enttyp><enttypl Sync="TRUE">proclaimed</enttypl><enttypt Sync="TRUE">Feature Class</enttypt><enttypc Sync="TRUE">23</enttypc></enttyp><attr><attrlabl Sync="TRUE">FID</attrlabl><attalias Sync="TRUE">FID</attalias><attrtype Sync="TRUE">OID</attrtype><attwidth Sync="TRUE">4</attwidth><atprecis Sync="TRUE">0</atprecis><attscale Sync="TRUE">0</attscale><attrdef Sync="TRUE">Internal feature number.</attrdef><attrdefs Sync="TRUE">ESRI</attrdefs><attrdomv><udom Sync="TRUE">Sequential unique whole numbers that are automatically generated.</udom></attrdomv></attr><attr><attrlabl Sync="TRUE">Shape</attrlabl><attalias Sync="TRUE">Shape</attalias><attrtype Sync="TRUE">Geometry</attrtype><attwidth Sync="TRUE">0</attwidth><atprecis Sync="TRUE">0</atprecis><attscale Sync="TRUE">0</attscale><attrdef Sync="TRUE">Feature geometry.</attrdef><attrdefs Sync="TRUE">ESRI</attrdefs><attrdomv><udom Sync="TRUE">Coordinates defining the features.</udom></attrdomv></attr><attr><attrlabl Sync="TRUE">AREA</attrlabl><attalias Sync="TRUE">AREA</attalias><attrtype Sync="TRUE">Float</attrtype><attwidth Sync="TRUE">19</attwidth></attr><attr><attrlabl Sync="TRUE">PERIMETER</attrlabl><attalias Sync="TRUE">PERIMETER</attalias><attrtype Sync="TRUE">Float</attrtype><attwidth Sync="TRUE">19</attwidth></attr><attr><attrlabl Sync="TRUE">PROCLAIMED</attrlabl><attalias Sync="TRUE">PROCLAIMED</attalias><attrtype Sync="TRUE">Number</attrtype><attwidth Sync="TRUE">9</attwidth></attr><attr><attrlabl Sync="TRUE">PROCLAIM_1</attrlabl><attalias Sync="TRUE">PROCLAIM_1</attalias><attrtype Sync="TRUE">Number</attrtype><attwidth Sync="TRUE">9</attwidth></attr><attr><attrlabl Sync="TRUE">FOREST_COD</attrlabl><attalias Sync="TRUE">FOREST_COD</attalias><attrtype Sync="TRUE">String</attrtype><attwidth Sync="TRUE">30</attwidth></attr></detailed><detailed Name="proclaimed.pat"><enttyp><enttypl Sync="TRUE">proclaimed.pat</enttypl><enttypt Sync="TRUE">Feature Class</enttypt><enttypc Sync="TRUE">23</enttypc></enttyp><attr><attrlabl Sync="TRUE">FID</attrlabl><attalias Sync="TRUE">FID</attalias><attrtype Sync="TRUE">OID</attrtype><attwidth Sync="TRUE">4</attwidth><atprecis Sync="TRUE">0</atprecis><attscale Sync="TRUE">0</attscale><attrdef Sync="TRUE">Internal feature number.</attrdef><attrdefs Sync="TRUE">ESRI</attrdefs><attrdomv><udom Sync="TRUE">Sequential unique whole numbers that are automatically generated.</udom></attrdomv></attr><attr><attrlabl Sync="TRUE">Shape</attrlabl><attalias Sync="TRUE">Shape</attalias><attrtype Sync="TRUE">Geometry</attrtype><attwidth Sync="TRUE">0</attwidth><atprecis Sync="TRUE">0</atprecis><attscale Sync="TRUE">0</attscale><attrdef Sync="TRUE">Feature geometry.</attrdef><attrdefs Sync="TRUE">ESRI</attrdefs><attrdomv><udom Sync="TRUE">Coordinates defining the features.</udom></attrdomv></attr><attr><attrlabl Sync="TRUE">AREA</attrlabl><attwidth Sync="TRUE">19</attwidth><atoutwid Sync="TRUE">18</atoutwid><attrtype Sync="TRUE">Float</attrtype><atnumdec Sync="TRUE">11</atnumdec><attrdef Sync="TRUE">Area of feature in internal units squared.</attrdef><attrdefs Sync="TRUE">ESRI</attrdefs><attrdomv><udom Sync="TRUE">Positive real numbers that are automatically generated.</udom></attrdomv></attr><attr><attrlabl Sync="TRUE">PERIMETER</attrlabl><attwidth Sync="TRUE">19</attwidth><atoutwid Sync="TRUE">18</atoutwid><attrtype Sync="TRUE">Float</attrtype><atnumdec Sync="TRUE">11</atnumdec><attrdef Sync="TRUE">Perimeter of feature in internal units.</attrdef><attrdefs Sync="TRUE">ESRI</attrdefs><attrdomv><udom Sync="TRUE">Positive real numbers that are automatically generated.</udom></attrdomv></attr><attr><attrlabl Sync="TRUE">PROCLAIMED#</attrlabl><attwidth Sync="TRUE">9</attwidth><atoutwid Sync="TRUE">5</atoutwid><attrtype Sync="TRUE">Number</attrtype><attrdef Sync="TRUE">Internal feature number.</attrdef><attrdefs Sync="TRUE">ESRI</attrdefs><attrdomv><udom Sync="TRUE">Sequential unique whole numbers that are automatically generated.</udom></attrdomv></attr><attr><attrlabl Sync="TRUE">PROCLAIMED-ID</attrlabl><attwidth Sync="TRUE">9</attwidth><atoutwid Sync="TRUE">5</atoutwid><attrtype Sync="TRUE">Number</attrtype><attrdef Sync="TRUE">User-defined feature number.</attrdef><attrdefs Sync="TRUE">ESRI</attrdefs></attr><attr><attrlabl Sync="TRUE">FOREST_CODE</attrlabl><attwidth Sync="TRUE">30</attwidth><atoutwid Sync="TRUE">3</atoutwid><attrtype Sync="TRUE">String</attrtype><attrdomv><edom><edomv>MTH</edomv><edomvd>Mt. Hood National Forest</edomvd></edom><edom><edomv>GIP</edomv><edomvd>Gifford Pinchot National Forest</edomvd></edom><edom><edomv>WIL</edomv><edomvd>Willamette National Forest</edomvd></edom><edom><edomv>X</edomv><edomvd>Not Forest Service</edomvd></edom></attrdomv><attrdef>Name of Proclaimed Forest</attrdef><attrdefs>National Forest of Pacific Northwest</attrdefs><attrvai><attrva>Extrememly High</attrva><attrvae>Units Identified or Null</attrvae></attrvai><attrmfrq>As needed</attrmfrq></attr></detailed></eainfo><dataIdInfo><envirDesc Sync="TRUE">Microsoft Windows 2000 Version 5.2 (Build 3790) Service Pack 1; ESRI ArcCatalog 9.2.2.1350</envirDesc><dataLang><languageCode Sync="TRUE" value="en"></languageCode></dataLang><idCitation><resTitle Sync="TRUE">proclaimed</resTitle><presForm><PresFormCd Sync="TRUE" value="005"></PresFormCd></presForm></idCitation><spatRpType><SpatRepTypCd Sync="TRUE" value="001"></SpatRepTypCd></spatRpType><dataExt><geoEle><GeoBndBox esriExtentType="native"><westBL Sync="TRUE">418111.926015</westBL><eastBL Sync="TRUE">498391.103578</eastBL><northBL Sync="TRUE">1294148.37437</northBL><southBL Sync="TRUE">1185629.060907</southBL><exTypeCode Sync="TRUE">1</exTypeCode></GeoBndBox></geoEle></dataExt><geoBox esriExtentType="decdegrees"><westBL Sync="TRUE">-122.337534</westBL><eastBL Sync="TRUE">-121.28381</eastBL><northBL Sync="TRUE">45.705035</northBL><southBL Sync="TRUE">44.713531</southBL><exTypeCode Sync="TRUE">1</exTypeCode></geoBox></dataIdInfo><mdLang><languageCode Sync="TRUE" value="en"></languageCode></mdLang><mdStanName Sync="TRUE">ISO 19115 Geographic Information - Metadata</mdStanName><mdStanVer Sync="TRUE">DIS_ESRI1.0</mdStanVer><mdChar><CharSetCd Sync="TRUE" value="004"></CharSetCd></mdChar><mdHrLv><ScopeCd Sync="TRUE" value="005"></ScopeCd></mdHrLv><mdHrLvName Sync="TRUE">dataset</mdHrLvName><distInfo><distributor><distorTran><onLineSrc><orDesc Sync="TRUE">002</orDesc><linkage Sync="TRUE">file://\\ds.fs.fed.us\EFS\\r06\ro\drm\project\gis\gis_work\jbradbury\gis_web_export\proclaimed.shp</linkage><protocol Sync="TRUE">Local Area Network</protocol></onLineSrc><transSize Sync="TRUE">0.158</transSize></distorTran><distorFormat><formatName Sync="TRUE">Shapefile</formatName></distorFormat></distributor></distInfo><refSysInfo><RefSystem><refSysID><identCode Sync="TRUE">NAD_1983_Albers</identCode></refSysID></RefSystem></refSysInfo><spatRepInfo><VectSpatRep><topLvl><TopoLevCd Sync="TRUE" value="001"></TopoLevCd></topLvl><geometObjs Name="proclaimed"><geoObjTyp><GeoObjTypCd Sync="TRUE" value="001"></GeoObjTypCd></geoObjTyp><geoObjCnt Sync="TRUE">23</geoObjCnt></geometObjs></VectSpatRep></spatRepInfo></metadata>
